date,temp_max_f,temp_min_f,temp_mean_f,feels_like_max_f,feels_like_min_f,precipitation_in,rain_in,snowfall_in,wind_max_mph,wind_gust_max_mph,wind_dir_deg,solar_radiation_mjm2,weather_code
2025-01-01,51.7,38.8,45.1,45.6,28.7,0.189,0.189,0.0,14.4,35.3,269,6.16,63
2025-01-02,41.6,32.9,36.8,30.0,23.3,0.0,0.0,0.0,16.0,38.7,272,7.46,3
2025-01-03,37.8,28.9,32.9,29.5,20.1,0.0,0.0,0.0,11.1,26.4,267,8.5,3
2025-01-04,31.8,27.7,29.5,20.8,16.9,0.0,0.0,0.0,15.7,37.1,290,6.44,3
2025-01-05,32.5,25.7,28.3,21.7,15.9,0.0,0.0,0.0,12.0,29.5,281,6.6,3
2025-01-06,29.3,23.7,27.8,23.8,13.1,0.063,0.0,0.441,11.3,25.3,328,2.06,73
2025-01-07,26.9,16.6,22.7,15.7,4.5,0.0,0.0,0.0,19.4,44.5,310,6.59,3
2025-01-08,27.7,20.1,24.4,16.1,8.4,0.0,0.0,0.0,16.6,38.7,299,7.85,3
2025-01-09,28.9,20.2,24.7,16.7,8.7,0.0,0.0,0.0,19.3,43.6,310,9.12,3
2025-01-10,37.9,25.4,30.7,29.1,14.5,0.0,0.0,0.0,14.6,32.9,314,9.27,3
2025-01-11,32.6,27.0,29.9,25.1,19.0,0.075,0.0,0.524,10.8,24.6,310,5.7,73
2025-01-12,40.3,29.1,33.0,32.6,19.8,0.0,0.0,0.0,9.8,22.4,313,8.84,3
2025-01-13,43.4,28.6,34.2,35.2,21.5,0.0,0.0,0.0,11.1,25.5,242,8.1,3
2025-01-14,32.5,25.4,28.9,23.9,15.1,0.0,0.0,0.0,13.8,32.7,291,10.05,3
2025-01-15,29.8,22.0,25.9,18.3,11.5,0.0,0.0,0.0,15.7,36.7,307,8.74,3
2025-01-16,30.7,22.2,26.5,21.7,13.9,0.016,0.0,0.11,6.7,18.6,238,7.84,71
2025-01-17,40.6,24.1,31.1,34.3,16.1,0.0,0.0,0.0,6.7,16.1,258,9.05,3
2025-01-18,43.6,30.6,37.0,37.5,22.8,0.087,0.087,0.0,9.0,20.4,193,2.71,53
2025-01-19,36.6,27.8,33.1,30.6,18.4,0.331,0.02,2.177,11.8,25.5,342,1.85,75
2025-01-20,27.0,14.1,19.4,18.0,4.4,0.008,0.0,0.055,10.6,24.8,295,10.77,71
2025-01-21,17.2,4.1,11.9,8.7,-4.3,0.012,0.0,0.083,6.4,13.6,260,9.62,71
2025-01-22,17.1,2.7,11.1,10.0,-5.8,0.0,0.0,0.0,6.9,14.5,321,11.47,3
2025-01-23,25.4,9.2,17.0,17.4,1.0,0.0,0.0,0.0,5.3,12.1,239,10.41,3
2025-01-24,30.4,15.9,21.5,22.2,7.9,0.0,0.0,0.0,6.8,16.6,270,11.53,3
2025-01-25,28.1,9.4,20.0,19.3,2.5,0.0,0.0,0.0,7.5,18.1,236,11.32,3
2025-01-26,39.3,22.7,30.2,30.7,15.5,0.0,0.0,0.0,10.7,24.4,258,10.18,3
2025-01-27,35.5,23.5,29.7,26.3,15.5,0.0,0.0,0.0,11.3,24.8,236,11.9,3
2025-01-28,39.4,26.5,32.8,28.8,20.1,0.0,0.0,0.0,14.5,33.6,268,9.86,3
2025-01-29,48.1,31.9,38.9,38.8,22.3,0.0,0.0,0.0,13.8,33.6,254,10.75,3
2025-01-30,33.6,20.8,28.2,25.6,12.0,0.0,0.0,0.0,9.8,24.4,287,11.74,3
2025-01-31,41.9,32.9,37.5,37.8,25.0,0.327,0.327,0.0,7.3,14.5,211,2.51,55
2025-02-01,41.6,21.5,32.7,37.1,11.6,0.067,0.067,0.0,11.7,29.8,335,8.4,53
2025-02-02,33.1,14.7,23.3,26.2,5.9,0.079,0.0,0.551,7.6,17.7,50,7.11,73
2025-02-03,42.3,26.6,35.1,36.6,20.4,0.008,0.0,0.055,8.3,17.7,214,8.99,71
2025-02-04,42.9,30.9,38.2,34.6,21.6,0.0,0.0,0.0,14.1,33.3,311,11.23,3
2025-02-05,35.0,25.9,29.4,27.6,17.1,0.0,0.0,0.0,9.2,22.1,328,11.27,3
2025-02-06,37.4,28.8,33.2,33.0,21.7,0.382,0.15,1.626,8.8,19.9,151,3.56,75
2025-02-07,40.5,27.7,34.0,30.8,19.8,0.0,0.0,0.0,16.3,38.3,286,12.15,3
2025-02-08,33.6,23.9,28.6,26.8,15.0,0.244,0.008,1.654,6.3,14.8,299,8.38,75
2025-02-09,34.2,28.9,31.7,26.7,22.4,0.248,0.118,0.909,7.8,17.2,317,11.04,75
2025-02-10,32.5,21.6,27.5,24.7,14.1,0.0,0.0,0.0,7.8,19.9,303,12.3,3
2025-02-11,31.3,14.8,23.9,25.6,8.2,0.043,0.0,0.303,3.5,8.1,265,9.16,73
2025-02-12,33.0,28.1,30.8,25.7,21.0,0.177,0.0,1.24,8.4,19.0,50,7.14,73
2025-02-13,42.4,33.3,37.2,35.3,25.1,0.244,0.236,0.055,11.9,26.6,301,5.99,71
2025-02-14,32.5,26.2,29.3,22.7,17.2,0.0,0.0,0.0,11.8,27.5,302,14.38,3
2025-02-15,34.7,24.9,30.0,27.2,18.0,0.26,0.126,0.937,7.7,19.9,113,5.37,73
2025-02-16,44.9,33.1,36.5,35.3,25.5,0.827,0.827,0.0,17.9,37.8,5,2.08,63
2025-02-17,34.5,26.1,29.3,23.8,15.0,0.0,0.0,0.0,17.7,40.9,275,10.96,3
2025-02-18,26.3,16.4,22.3,16.8,5.0,0.0,0.0,0.0,13.8,35.8,293,15.19,3
2025-02-19,29.8,15.4,22.5,20.2,5.4,0.0,0.0,0.0,10.4,28.0,299,13.54,3
2025-02-20,29.8,15.9,23.1,21.3,7.6,0.035,0.0,0.248,11.8,27.3,322,11.39,71
2025-02-21,31.1,20.8,24.8,20.6,10.0,0.0,0.0,0.0,13.0,31.3,311,15.56,3
2025-02-22,38.3,19.0,28.2,30.7,9.8,0.0,0.0,0.0,9.5,22.8,263,15.89,3
2025-02-23,46.0,29.1,36.3,39.1,21.0,0.0,0.0,0.0,7.1,17.4,263,15.11,3
2025-02-24,46.6,29.4,38.0,39.1,23.7,0.0,0.0,0.0,10.9,23.5,163,15.04,3
2025-02-25,54.3,38.4,44.5,49.6,32.1,0.0,0.0,0.0,8.4,19.9,217,12.3,3
2025-02-26,55.1,36.0,44.1,47.0,29.5,0.004,0.004,0.0,11.8,28.6,302,15.26,51
2025-02-27,53.3,39.4,46.4,49.9,33.8,0.079,0.079,0.0,9.4,21.7,192,6.16,53
2025-02-28,48.7,35.2,42.5,40.9,28.3,0.0,0.0,0.0,11.0,27.5,276,16.91,3
2025-03-01,59.9,29.6,43.8,53.1,18.3,0.0,0.0,0.0,16.9,39.1,260,14.01,3
2025-03-02,32.5,18.5,25.4,22.7,7.8,0.0,0.0,0.0,12.6,31.1,320,17.76,3
2025-03-03,38.1,22.1,29.1,29.5,13.0,0.0,0.0,0.0,7.5,20.1,290,16.84,3
2025-03-04,54.5,28.5,40.0,48.3,21.1,0.0,0.0,0.0,8.2,21.3,201,14.15,3
2025-03-05,54.2,42.1,49.2,48.7,36.9,1.504,1.504,0.0,18.0,39.1,165,4.67,65
2025-03-06,53.5,36.2,49.1,50.5,25.5,0.13,0.13,0.0,15.6,40.0,276,15.76,63
2025-03-07,45.9,30.6,38.3,35.2,20.9,0.0,0.0,0.0,19.1,45.4,289,16.35,3
2025-03-08,42.4,33.9,38.2,33.0,25.5,0.0,0.0,0.0,14.3,34.4,293,15.83,3
2025-03-09,50.3,28.1,38.5,43.0,20.6,0.0,0.0,0.0,14.3,37.1,264,14.91,3
2025-03-10,62.9,38.5,49.1,59.1,30.6,0.0,0.0,0.0,8.3,17.4,228,18.65,2
2025-03-11,60.9,37.2,49.1,56.8,32.5,0.0,0.0,0.0,7.7,20.1,181,18.92,2
2025-03-12,51.9,37.5,45.4,46.2,29.4,0.0,0.0,0.0,8.7,19.5,12,16.62,3
2025-03-13,51.0,35.4,41.8,46.5,28.6,0.0,0.0,0.0,8.1,19.9,74,18.34,3
2025-03-14,55.3,33.3,42.9,54.2,27.4,0.0,0.0,0.0,6.5,17.0,81,18.92,3
2025-03-15,48.9,39.2,43.9,44.4,35.2,0.02,0.02,0.0,7.5,18.1,161,6.77,51
2025-03-16,60.3,45.6,54.5,56.9,42.5,0.028,0.028,0.0,17.1,42.3,166,6.72,51
2025-03-17,58.7,38.1,52.7,58.0,29.3,1.047,1.047,0.0,14.8,32.9,311,5.96,65
2025-03-18,57.4,33.3,44.3,53.3,24.0,0.0,0.0,0.0,11.5,26.2,347,20.72,3
2025-03-19,58.5,37.0,46.7,55.9,32.7,0.0,0.0,0.0,6.2,16.3,140,20.27,3
2025-03-20,50.5,42.0,46.2,45.9,37.7,0.421,0.421,0.0,10.3,24.8,140,8.29,63
2025-03-21,48.6,36.5,43.6,44.9,25.6,0.319,0.319,0.0,16.0,38.3,314,21.17,63
2025-03-22,60.6,36.6,46.6,53.8,30.4,0.004,0.004,0.0,13.4,32.0,257,17.74,51
2025-03-23,46.5,27.6,37.4,40.9,17.5,0.0,0.0,0.0,11.3,28.0,297,21.54,3
2025-03-24,50.7,39.1,44.3,48.5,32.1,0.512,0.512,0.0,9.6,19.7,172,3.82,63
2025-03-25,57.4,40.7,48.4,48.0,34.3,0.0,0.0,0.0,15.3,35.8,256,20.55,3
2025-03-26,49.7,35.5,42.4,43.0,29.7,0.004,0.004,0.0,10.9,27.5,309,15.15,51
2025-03-27,49.5,31.3,40.0,41.4,24.3,0.0,0.0,0.0,9.7,25.5,289,22.42,0
2025-03-28,59.6,39.9,49.7,54.4,31.7,0.016,0.016,0.0,8.4,17.9,228,16.25,51
2025-03-29,78.4,43.2,59.9,74.7,38.3,0.189,0.189,0.0,14.0,31.8,245,18.24,63
2025-03-30,57.0,41.5,47.1,54.9,36.2,0.012,0.012,0.0,6.6,16.3,93,11.34,51
2025-03-31,74.8,46.2,61.0,74.3,43.7,1.413,1.413,0.0,12.2,30.9,201,14.64,65
2025-04-01,60.3,40.0,47.6,61.0,31.0,0.264,0.264,0.0,14.3,29.8,324,23.01,63
2025-04-02,47.3,32.2,40.2,42.9,24.5,0.0,0.0,0.0,9.8,26.6,94,20.37,3
2025-04-03,70.8,43.8,58.6,70.9,38.2,0.114,0.114,0.0,13.5,36.2,211,7.56,61
2025-04-04,69.7,54.5,63.0,69.9,51.5,0.272,0.272,0.0,10.1,24.8,310,16.6,63
2025-04-05,54.4,42.8,48.8,50.4,38.7,0.13,0.13,0.0,10.0,24.4,83,5.89,61
2025-04-06,59.1,42.8,49.5,55.0,39.1,0.173,0.173,0.0,7.9,20.1,338,9.63,63
2025-04-07,48.3,39.8,42.5,42.2,34.1,0.319,0.319,0.0,7.9,18.8,35,3.61,55
2025-04-08,43.4,35.2,39.9,38.0,25.2,0.0,0.0,0.0,17.2,40.3,294,22.28,3
2025-04-09,46.7,28.8,37.6,41.6,19.6,0.0,0.0,0.0,8.9,21.9,283,24.81,1
2025-04-10,48.9,35.3,41.3,43.6,30.3,0.028,0.028,0.0,10.5,26.6,143,14.31,51
2025-04-11,44.8,39.7,41.9,40.0,33.5,0.425,0.421,0.028,11.8,23.9,57,5.35,71
2025-04-12,42.2,35.1,39.0,34.4,25.4,0.673,0.587,0.606,14.9,31.1,14,4.62,73
2025-04-13,56.9,38.9,47.8,49.7,31.9,0.0,0.0,0.0,12.1,31.1,338,14.28,3
2025-04-14,61.1,41.8,51.0,56.8,36.6,0.0,0.0,0.0,7.1,17.0,246,15.09,3
2025-04-15,65.3,47.8,55.7,61.3,39.9,0.083,0.083,0.0,16.8,39.8,255,13.91,61
2025-04-16,49.7,41.7,45.5,39.2,33.0,0.0,0.0,0.0,16.0,38.9,286,13.61,3
2025-04-17,59.4,38.3,48.4,54.0,31.5,0.0,0.0,0.0,8.9,22.6,295,25.98,1
2025-04-18,64.0,39.6,52.7,60.6,35.9,0.0,0.0,0.0,11.2,25.7,170,23.76,3
2025-04-19,79.6,58.8,68.5,79.6,55.7,0.024,0.024,0.0,11.2,26.4,225,16.95,53
2025-04-20,70.8,50.6,59.8,70.4,42.6,0.0,0.0,0.0,12.1,31.1,325,25.11,3
2025-04-21,56.2,44.2,50.4,49.0,39.2,0.012,0.012,0.0,8.8,21.9,126,11.47,51
2025-04-22,78.4,51.1,64.0,76.4,48.8,0.004,0.004,0.0,10.2,25.1,266,25.41,51
2025-04-23,75.8,48.9,62.7,71.6,45.6,0.0,0.0,0.0,9.1,22.1,329,25.47,3
2025-04-24,79.8,52.5,66.6,77.6,49.6,0.0,0.0,0.0,9.9,25.7,172,25.73,3
2025-04-25,77.4,58.3,66.8,76.1,54.2,0.0,0.0,0.0,10.7,25.3,189,22.05,3
2025-04-26,70.5,56.3,64.6,72.0,48.5,0.563,0.563,0.0,13.9,31.3,222,6.67,63
2025-04-27,57.2,47.1,53.0,49.0,39.3,0.0,0.0,0.0,19.2,44.1,311,16.1,3
2025-04-28,72.4,47.9,60.8,71.6,42.2,0.0,0.0,0.0,8.2,21.0,291,27.28,3
2025-04-29,81.1,52.2,67.4,78.3,47.2,0.0,0.0,0.0,12.4,29.1,214,26.03,3
2025-04-30,72.9,61.5,68.8,68.8,55.5,0.0,0.0,0.0,11.2,28.6,305,26.54,3
2025-05-01,71.4,50.2,60.6,68.6,44.8,0.0,0.0,0.0,9.0,24.6,111,26.09,3
2025-05-02,86.1,57.3,71.1,85.2,54.9,0.083,0.083,0.0,9.4,26.4,194,20.84,55
2025-05-03,83.9,64.8,72.6,85.7,64.8,0.429,0.429,0.0,10.2,34.2,200,22.3,65
2025-05-04,69.6,59.8,63.9,70.9,59.8,0.469,0.469,0.0,8.9,22.8,150,10.15,61
2025-05-05,66.4,57.9,60.5,67.3,57.5,0.457,0.457,0.0,9.1,22.8,82,8.29,61
2025-05-06,65.7,57.3,61.0,65.4,56.8,0.772,0.772,0.0,9.6,24.2,133,13.02,65
2025-05-07,71.8,56.8,63.7,69.3,55.8,0.008,0.008,0.0,7.1,19.2,232,20.84,51
2025-05-08,73.9,55.9,64.3,79.9,56.4,0.055,0.055,0.0,7.6,17.4,355,23.55,51
2025-05-09,60.7,53.3,56.9,60.3,50.9,0.634,0.634,0.0,7.7,19.0,5,7.08,63
2025-05-10,68.6,50.3,59.0,64.5,45.2,0.0,0.0,0.0,14.3,34.2,304,22.2,3
2025-05-11,73.5,52.4,63.4,74.8,50.1,0.0,0.0,0.0,7.2,18.6,322,27.89,3
2025-05-12,68.7,51.5,60.7,67.9,49.1,0.0,0.0,0.0,6.8,18.8,131,27.79,3
2025-05-13,67.6,58.3,63.0,70.0,59.4,0.157,0.157,0.0,6.6,17.2,124,8.83,55
2025-05-14,67.4,58.0,61.1,65.5,56.6,1.031,1.031,0.0,12.9,30.0,93,9.05,65
2025-05-15,72.7,59.5,65.0,77.5,60.5,0.047,0.047,0.0,6.1,19.2,104,16.57,53
2025-05-16,73.4,59.6,65.0,76.4,61.9,0.02,0.02,0.0,8.9,25.7,172,14.09,51
2025-05-17,79.2,63.3,70.9,83.9,65.9,0.075,0.075,0.0,12.5,31.3,216,21.5,55
2025-05-18,72.8,58.7,65.8,69.4,54.7,0.012,0.012,0.0,15.3,40.3,283,22.21,51
2025-05-19,67.1,53.3,59.9,63.8,46.3,0.0,0.0,0.0,13.2,30.9,316,27.31,3
2025-05-20,64.1,47.3,56.1,60.2,41.9,0.0,0.0,0.0,9.0,24.2,355,22.42,3
2025-05-21,56.7,49.4,53.8,55.7,44.6,0.11,0.11,0.0,10.8,25.5,102,6.31,51
2025-05-22,54.5,48.0,50.7,50.6,43.3,0.913,0.913,0.0,12.7,29.8,58,6.49,63
2025-05-23,61.1,47.6,53.1,57.9,44.8,0.071,0.071,0.0,8.5,24.4,284,13.61,51
2025-05-24,62.2,47.5,55.6,58.7,42.7,0.016,0.016,0.0,11.1,28.6,283,20.0,51
2025-05-25,66.1,50.9,58.6,60.3,46.6,0.0,0.0,0.0,10.9,25.9,299,19.59,3
2025-05-26,70.5,50.5,61.3,69.0,47.5,0.0,0.0,0.0,7.0,18.6,326,25.48,2
2025-05-27,76.6,53.1,64.8,77.7,52.7,0.0,0.0,0.0,8.9,22.6,189,21.94,3
2025-05-28,66.6,54.0,60.1,63.7,52.5,0.413,0.413,0.0,7.5,20.1,160,9.6,61
2025-05-29,70.3,54.4,62.3,71.7,53.1,0.094,0.094,0.0,7.7,18.1,44,13.66,53
2025-05-30,73.7,61.1,66.1,77.2,62.1,0.142,0.142,0.0,7.0,18.3,191,17.13,53
2025-05-31,66.7,53.9,60.7,63.3,48.7,1.012,1.012,0.0,15.7,36.5,283,19.03,63
2025-06-01,65.3,49.6,57.7,60.6,44.3,0.0,0.0,0.0,13.1,30.9,277,20.94,3
2025-06-02,70.0,49.9,60.8,68.4,47.7,0.0,0.0,0.0,6.7,18.3,279,25.5,3
2025-06-03,79.2,52.2,66.1,80.5,51.0,0.0,0.0,0.0,6.7,15.4,214,29.7,1
2025-06-04,85.0,58.1,71.7,89.1,57.2,0.0,0.0,0.0,9.5,24.4,185,29.24,3
2025-06-05,94.1,67.9,80.8,97.4,70.3,0.0,0.0,0.0,10.0,25.7,216,24.23,3
2025-06-06,88.6,71.0,79.9,92.2,74.6,0.024,0.024,0.0,10.4,25.3,209,24.21,51
2025-06-07,80.0,68.1,73.6,83.9,71.1,0.264,0.264,0.0,10.4,22.6,315,12.91,63
2025-06-08,75.0,62.0,67.6,78.2,62.1,0.051,0.051,0.0,8.8,22.1,88,18.51,51
2025-06-09,69.4,59.4,63.7,71.7,58.8,0.228,0.228,0.0,7.4,17.7,77,9.51,63
2025-06-10,77.4,62.4,68.1,80.4,65.0,0.85,0.85,0.0,7.4,20.1,246,12.26,63
2025-06-11,82.4,62.2,73.2,82.8,64.5,0.0,0.0,0.0,11.4,28.0,276,26.69,3
2025-06-12,89.2,66.7,78.6,92.0,66.7,0.004,0.004,0.0,9.5,25.5,274,27.97,51
2025-06-13,85.3,67.0,75.1,85.8,66.5,0.0,0.0,0.0,7.0,20.6,83,24.66,3
2025-06-14,69.5,60.6,64.7,67.2,60.1,0.185,0.185,0.0,9.0,22.8,58,7.76,61
2025-06-15,66.8,58.8,62.2,67.8,58.3,0.217,0.217,0.0,6.6,16.1,73,7.89,61
2025-06-16,68.3,60.5,64.2,69.3,60.6,0.122,0.122,0.0,8.0,19.5,79,7.47,55
2025-06-17,70.5,62.6,66.1,73.3,65.4,0.516,0.516,0.0,6.5,16.6,122,8.21,63
2025-06-18,83.0,64.8,71.4,90.0,68.6,0.37,0.37,0.0,8.4,21.3,179,13.38,63
2025-06-19,88.1,71.3,78.1,96.1,75.2,0.358,0.358,0.0,10.8,28.4,224,24.13,63
2025-06-20,82.0,65.0,74.5,82.0,62.4,0.012,0.012,0.0,11.3,30.4,275,27.14,51
2025-06-21,89.7,67.6,79.2,92.9,70.9,0.0,0.0,0.0,9.3,20.1,256,27.23,3
2025-06-22,91.7,75.3,83.0,96.5,77.9,0.008,0.008,0.0,12.0,30.0,251,15.94,51
2025-06-23,102.5,78.7,90.0,110.0,88.2,0.0,0.0,0.0,5.9,18.3,300,27.52,3
2025-06-24,102.7,83.3,93.3,106.1,89.5,0.0,0.0,0.0,10.1,26.4,306,28.39,2
2025-06-25,99.1,82.3,91.2,104.5,86.8,0.016,0.016,0.0,8.5,21.9,318,26.81,51
2025-06-26,86.5,67.6,77.2,94.4,66.3,0.0,0.0,0.0,12.0,28.9,53,20.89,3
2025-06-27,72.8,63.9,68.2,68.8,63.9,0.055,0.055,0.0,8.4,21.7,95,12.93,53
2025-06-28,86.2,64.0,74.8,89.6,64.9,0.02,0.02,0.0,8.8,21.9,234,18.21,51
2025-06-29,88.6,73.8,81.3,92.5,81.5,0.0,0.0,0.0,7.6,18.6,296,26.71,3
2025-06-30,94.4,71.5,82.6,98.6,75.5,0.016,0.016,0.0,9.6,26.8,160,24.98,51
2025-07-01,90.1,75.1,80.5,96.7,83.2,0.437,0.437,0.0,11.0,27.1,227,17.9,63
2025-07-02,85.2,73.0,77.8,89.4,79.9,0.083,0.083,0.0,5.1,13.0,246,18.37,53
2025-07-03,87.5,70.7,78.2,89.3,74.0,0.039,0.039,0.0,11.3,26.4,272,26.29,53
2025-07-04,82.2,65.0,74.4,83.8,64.2,0.0,0.0,0.0,6.7,18.3,307,29.34,1
2025-07-05,90.0,65.8,77.9,91.0,68.4,0.0,0.0,0.0,9.2,23.3,230,28.18,3
2025-07-06,93.7,71.1,82.6,95.2,73.1,0.0,0.0,0.0,9.0,24.6,208,28.17,3
2025-07-07,88.9,75.6,81.1,95.2,82.9,0.181,0.181,0.0,10.6,27.1,180,19.85,61
2025-07-08,95.6,74.8,82.1,103.6,81.7,0.543,0.543,0.0,8.4,23.3,252,21.77,63
2025-07-09,88.5,73.4,80.7,96.7,80.4,0.043,0.043,0.0,5.4,15.0,266,25.53,55
2025-07-10,81.0,72.4,76.0,87.5,79.8,0.591,0.591,0.0,4.4,10.1,187,13.13,63
2025-07-11,84.3,71.2,76.8,93.5,78.9,0.031,0.031,0.0,7.5,20.4,139,23.92,51
2025-07-12,86.8,72.5,77.4,95.3,78.9,0.004,0.004,0.0,8.2,21.9,137,22.99,51
2025-07-13,84.8,72.3,77.5,89.4,78.3,0.004,0.004,0.0,8.4,20.6,143,17.12,51
2025-07-14,88.3,73.4,78.3,96.7,81.2,0.866,0.866,0.0,8.7,21.0,189,18.39,63
2025-07-15,84.7,73.0,78.4,97.1,81.9,0.114,0.114,0.0,5.7,13.9,161,23.75,55
2025-07-16,87.2,73.8,80.2,97.4,82.7,0.075,0.075,0.0,7.9,20.4,196,24.26,53
2025-07-17,91.4,74.8,82.4,97.9,83.2,0.307,0.307,0.0,11.1,31.1,237,21.12,63
2025-07-18,85.6,72.1,79.1,87.8,71.0,0.0,0.0,0.0,9.7,24.4,329,24.6,3
2025-07-19,83.9,70.5,77.3,86.7,71.4,0.0,0.0,0.0,8.4,23.3,151,17.05,3
2025-07-20,92.3,74.0,82.0,97.5,80.1,0.043,0.043,0.0,9.3,22.6,279,22.82,53
2025-07-21,88.2,70.3,79.7,88.9,73.1,0.0,0.0,0.0,11.0,27.7,333,25.69,3
2025-07-22,83.2,66.9,74.7,84.9,64.1,0.0,0.0,0.0,9.1,23.7,73,21.82,3
2025-07-23,84.2,68.4,75.8,86.7,72.3,0.0,0.0,0.0,8.5,21.5,178,19.99,3
2025-07-24,88.3,68.2,79.1,90.5,69.7,0.0,0.0,0.0,8.8,23.5,205,20.96,3
2025-07-25,97.1,76.3,84.2,104.9,80.9,0.165,0.165,0.0,13.0,29.8,264,22.37,63
2025-07-26,88.4,74.2,79.4,94.6,75.7,0.0,0.0,0.0,8.5,23.0,91,22.98,3
2025-07-27,87.3,72.2,77.7,92.3,76.2,0.217,0.217,0.0,8.9,21.7,210,11.91,61
2025-07-28,94.3,74.0,84.9,99.8,79.1,0.0,0.0,0.0,7.3,17.4,336,25.57,0
2025-07-29,101.2,76.9,89.7,105.4,85.6,0.0,0.0,0.0,6.5,19.7,276,23.84,3
2025-07-30,99.8,80.3,87.6,103.9,88.0,0.102,0.102,0.0,8.8,25.5,202,21.68,61
2025-07-31,87.7,67.4,79.1,94.0,68.0,0.386,0.386,0.0,9.5,22.8,43,15.3,63
2025-08-01,73.3,64.0,67.9,74.6,63.8,0.071,0.071,0.0,10.2,23.0,28,12.06,51
2025-08-02,77.7,62.4,70.1,80.8,61.8,0.0,0.0,0.0,6.1,15.9,8,23.64,3
2025-08-03,82.7,61.9,72.1,85.6,63.0,0.0,0.0,0.0,7.0,16.3,27,27.14,2
2025-08-04,92.0,63.3,76.9,94.1,65.8,0.0,0.0,0.0,8.7,20.8,209,26.67,3
2025-08-05,86.6,68.8,77.2,91.0,72.4,0.008,0.008,0.0,5.6,15.2,108,19.21,51
2025-08-06,83.6,69.8,75.0,85.4,73.4,0.031,0.031,0.0,7.6,19.7,106,15.54,51
2025-08-07,83.0,66.2,73.7,85.9,68.4,0.016,0.016,0.0,7.6,21.5,97,24.38,51
2025-08-08,83.1,63.2,72.5,84.8,64.8,0.0,0.0,0.0,7.7,21.5,124,26.4,2
2025-08-09,86.9,64.0,74.6,88.0,65.7,0.0,0.0,0.0,7.1,19.5,149,26.38,3
2025-08-10,92.6,66.0,78.7,95.0,66.5,0.0,0.0,0.0,9.6,24.6,206,25.71,3
2025-08-11,90.6,70.4,80.0,91.9,72.9,0.0,0.0,0.0,8.1,21.5,201,25.72,3
2025-08-12,92.9,71.0,80.8,97.9,75.2,0.0,0.0,0.0,9.6,25.7,186,25.21,3
2025-08-13,90.7,74.9,81.0,96.7,82.0,0.228,0.228,0.0,8.7,25.1,201,18.62,61
2025-08-14,87.7,72.9,79.3,96.5,80.1,0.087,0.087,0.0,4.7,12.5,327,19.87,61
2025-08-15,90.7,72.9,80.0,95.5,76.4,0.0,0.0,0.0,7.7,20.1,60,24.05,2
2025-08-16,87.4,73.3,78.5,93.6,79.6,0.13,0.13,0.0,7.1,19.5,170,19.93,55
2025-08-17,95.6,71.9,80.8,98.4,76.9,0.138,0.138,0.0,7.1,23.5,241,19.88,61
2025-08-18,75.4,65.2,69.5,79.3,62.8,0.0,0.0,0.0,9.9,24.4,28,10.56,3
2025-08-19,76.2,63.6,69.6,74.0,63.2,0.0,0.0,0.0,7.8,20.8,106,21.15,3
2025-08-20,72.3,60.2,67.4,73.4,58.7,0.142,0.142,0.0,10.5,23.0,70,5.42,55
2025-08-21,70.9,59.8,64.8,68.8,57.2,0.004,0.004,0.0,14.1,32.9,31,14.32,51
2025-08-22,80.3,59.0,69.8,81.7,57.0,0.0,0.0,0.0,8.2,17.7,348,24.74,0
2025-08-23,82.7,63.5,71.9,81.6,63.6,0.0,0.0,0.0,13.3,31.3,193,24.23,3
2025-08-24,79.5,64.0,72.0,80.8,65.9,0.008,0.008,0.0,11.3,28.4,172,19.38,51
2025-08-25,88.5,67.2,76.9,87.7,72.1,0.0,0.0,0.0,11.2,29.8,268,22.24,3
2025-08-26,80.9,63.8,72.9,78.1,62.2,0.0,0.0,0.0,9.3,24.2,290,19.13,3
2025-08-27,76.8,61.9,69.4,73.4,59.8,0.004,0.004,0.0,9.7,24.6,307,21.54,51
2025-08-28,80.6,59.9,70.8,77.7,59.8,0.0,0.0,0.0,9.0,23.7,228,19.64,3
2025-08-29,81.2,64.7,72.1,81.6,62.4,0.0,0.0,0.0,10.0,23.9,269,20.49,3
2025-08-30,78.0,57.6,68.1,73.3,54.6,0.0,0.0,0.0,8.5,22.1,323,22.02,3
2025-08-31,81.1,58.8,69.8,77.4,56.9,0.0,0.0,0.0,7.6,21.0,9,21.39,3
2025-09-01,78.8,61.6,70.6,76.3,60.6,0.0,0.0,0.0,10.2,26.4,57,21.99,3
2025-09-02,80.4,61.8,70.2,80.0,62.3,0.0,0.0,0.0,7.6,20.1,96,22.15,2
2025-09-03,80.6,60.3,69.3,81.0,62.4,0.0,0.0,0.0,9.1,24.8,158,20.96,2
2025-09-04,77.8,61.4,69.8,77.1,63.5,0.157,0.157,0.0,12.6,31.1,170,19.41,55
2025-09-05,83.0,65.4,74.4,86.0,67.9,0.161,0.161,0.0,11.0,27.5,199,19.86,61
2025-09-06,86.3,66.0,74.6,91.1,68.8,0.917,0.917,0.0,14.1,32.0,209,14.32,63
2025-09-07,69.2,62.1,65.0,70.6,62.5,0.843,0.843,0.0,5.5,12.8,333,7.02,63
2025-09-08,70.7,55.7,63.7,70.9,53.5,0.0,0.0,0.0,5.6,16.1,359,22.68,3
2025-09-09,71.1,55.8,63.4,70.6,54.6,0.0,0.0,0.0,8.9,23.0,49,22.07,3
2025-09-10,69.1,59.3,64.0,70.6,57.2,0.126,0.126,0.0,7.7,19.9,18,7.35,55
2025-09-11,79.6,59.6,69.9,78.5,59.0,0.0,0.0,0.0,7.4,19.9,358,21.79,3
2025-09-12,80.3,61.2,70.0,80.8,60.5,0.0,0.0,0.0,6.1,16.6,35,17.37,3
2025-09-13,80.6,62.0,69.8,82.4,65.3,0.004,0.004,0.0,8.5,21.7,175,17.41,51
2025-09-14,85.0,63.1,73.2,84.4,66.4,0.0,0.0,0.0,5.4,17.0,118,18.94,3
2025-09-15,82.3,64.4,72.5,80.7,66.1,0.0,0.0,0.0,8.0,22.6,69,19.94,3
2025-09-16,75.7,63.4,68.7,73.2,63.9,0.0,0.0,0.0,10.8,27.5,61,13.2,3
2025-09-17,70.7,62.7,66.8,71.2,61.5,0.157,0.157,0.0,9.3,23.0,56,10.28,61
2025-09-18,80.5,64.5,71.4,83.4,67.4,0.004,0.004,0.0,4.4,11.4,316,19.73,51
2025-09-19,81.9,64.8,72.2,84.1,66.0,0.0,0.0,0.0,7.2,17.7,316,19.89,0
2025-09-20,73.7,57.7,65.5,70.9,53.6,0.0,0.0,0.0,7.8,19.9,45,20.19,3
2025-09-21,72.1,57.5,63.3,71.7,57.0,0.0,0.0,0.0,5.4,15.7,95,17.94,3
2025-09-22,72.9,53.9,63.4,72.5,53.4,0.0,0.0,0.0,5.9,16.3,167,14.5,3
2025-09-23,84.5,62.2,72.5,86.5,64.4,0.362,0.362,0.0,9.0,22.6,219,15.73,63
2025-09-24,79.1,65.2,71.3,84.7,69.7,0.142,0.142,0.0,7.4,21.7,144,9.81,61
2025-09-25,74.9,67.6,71.2,81.3,71.0,2.055,2.055,0.0,10.6,24.2,182,4.74,65
2025-09-26,79.2,65.5,72.1,83.0,69.4,0.0,0.0,0.0,5.5,16.1,280,17.43,3
2025-09-27,75.7,62.3,69.2,78.7,64.2,0.016,0.016,0.0,4.0,10.1,337,12.47,51
2025-09-28,82.2,63.8,72.1,85.7,67.5,0.028,0.028,0.0,4.0,12.5,235,18.11,53
2025-09-29,75.0,62.8,68.8,76.1,62.1,0.0,0.0,0.0,6.5,14.1,21,12.56,3
2025-09-30,77.7,62.6,68.8,76.5,60.6,0.0,0.0,0.0,9.1,19.9,7,13.4,3
2025-10-01,68.5,53.5,61.2,63.6,48.1,0.0,0.0,0.0,8.8,22.4,12,18.6,3
2025-10-02,66.2,49.4,57.7,63.1,44.8,0.0,0.0,0.0,5.9,15.9,44,17.8,3
2025-10-03,72.1,48.9,60.3,69.5,47.0,0.0,0.0,0.0,5.5,16.6,221,17.9,3
2025-10-04,81.6,54.4,67.5,80.7,53.1,0.0,0.0,0.0,5.7,11.9,251,17.52,3
2025-10-05,85.3,59.0,71.0,84.8,60.3,0.0,0.0,0.0,6.4,15.7,200,17.07,1
2025-10-06,81.1,59.4,69.0,80.8,59.2,0.0,0.0,0.0,8.5,21.5,196,17.25,2
2025-10-07,81.0,62.9,71.4,79.0,64.1,0.0,0.0,0.0,11.8,29.5,203,13.81,3
2025-10-08,71.2,57.8,66.4,71.2,52.4,0.272,0.272,0.0,11.6,25.7,292,10.8,61
2025-10-09,58.5,47.8,53.5,51.9,42.6,0.0,0.0,0.0,9.3,23.9,4,17.38,0
2025-10-10,61.3,41.1,51.6,56.8,36.5,0.0,0.0,0.0,6.8,18.6,118,14.47,3
2025-10-11,66.0,50.8,57.9,64.5,49.3,0.047,0.047,0.0,8.3,18.3,78,5.56,53
2025-10-12,61.8,55.4,58.7,59.5,50.2,0.559,0.559,0.0,15.3,32.2,39,3.66,61
2025-10-13,58.3,53.9,56.3,54.3,47.6,1.283,1.283,0.0,17.3,40.7,31,2.56,63
2025-10-14,60.8,53.9,56.9,57.9,49.5,0.016,0.016,0.0,11.3,26.4,8,5.83,51
2025-10-15,67.6,52.8,59.7,65.5,47.1,0.0,0.0,0.0,8.3,21.3,339,13.05,3
2025-10-16,59.4,45.0,51.4,50.7,38.8,0.0,0.0,0.0,10.9,26.6,333,15.75,1
2025-10-17,62.6,45.0,52.1,57.1,37.2,0.0,0.0,0.0,9.3,20.4,336,15.47,2
2025-10-18,63.6,43.8,53.4,60.1,40.3,0.0,0.0,0.0,5.1,10.7,225,13.29,3
2025-10-19,69.4,49.8,60.5,68.2,47.4,0.0,0.0,0.0,12.6,30.0,165,14.1,3
2025-10-20,67.8,54.6,60.4,65.6,49.3,0.276,0.276,0.0,15.2,39.6,238,10.22,63
2025-10-21,66.5,46.9,56.5,61.5,42.1,0.016,0.016,0.0,7.8,20.1,214,14.77,51
2025-10-22,61.9,52.3,56.7,56.2,47.8,0.11,0.11,0.0,13.7,31.8,247,13.17,53
2025-10-23,58.7,47.3,52.4,52.2,42.5,0.0,0.0,0.0,11.3,27.1,248,12.42,3
2025-10-24,59.1,43.3,50.8,53.0,38.7,0.0,0.0,0.0,7.8,20.8,280,12.81,2
2025-10-25,57.9,43.1,50.7,52.9,38.5,0.0,0.0,0.0,6.1,16.1,319,11.07,3
2025-10-26,58.0,45.1,50.9,53.0,41.5,0.0,0.0,0.0,4.5,13.2,352,11.24,3
2025-10-27,55.2,38.8,46.7,49.3,33.2,0.0,0.0,0.0,7.3,16.3,8,13.8,0
2025-10-28,54.8,39.7,47.9,48.2,33.3,0.0,0.0,0.0,14.2,33.6,40,9.44,3
2025-10-29,57.5,45.0,50.8,52.0,38.8,0.0,0.0,0.0,10.8,24.4,40,9.12,3
2025-10-30,61.2,51.0,56.6,61.3,46.0,1.654,1.654,0.0,15.6,36.9,94,1.64,65
2025-10-31,58.9,50.3,53.5,58.0,42.3,0.008,0.008,0.0,17.7,46.1,261,7.86,51
2025-11-01,57.8,45.8,50.6,48.7,38.2,0.0,0.0,0.0,14.2,38.9,284,11.79,3
2025-11-02,58.5,39.6,48.1,53.8,35.2,0.0,0.0,0.0,5.7,13.9,247,12.53,3
2025-11-03,56.9,43.2,50.2,54.4,39.6,0.0,0.0,0.0,11.4,24.8,234,6.24,3
2025-11-04,58.4,46.6,51.5,50.3,38.8,0.0,0.0,0.0,13.9,35.1,288,12.22,2
2025-11-05,64.0,40.3,51.8,57.4,35.0,0.004,0.004,0.0,14.4,33.8,226,9.59,51
2025-11-06,56.4,40.9,48.7,50.5,36.1,0.035,0.035,0.0,15.0,36.7,304,10.21,53
2025-11-07,59.0,34.8,47.2,51.5,29.9,0.0,0.0,0.0,11.5,26.6,194,9.55,3
2025-11-08,64.7,52.6,56.9,60.8,49.8,0.244,0.244,0.0,9.1,19.9,256,10.99,63
2025-11-09,61.2,47.0,54.4,59.3,44.7,0.008,0.008,0.0,9.7,22.6,117,5.35,51
2025-11-10,56.5,36.0,49.9,57.8,26.7,0.52,0.52,0.0,10.9,25.5,295,4.63,63
2025-11-11,39.8,33.4,36.4,30.1,24.3,0.024,0.0,0.193,17.6,41.6,274,7.59,73
2025-11-12,48.1,36.0,41.7,40.6,27.9,0.004,0.004,0.0,10.0,23.3,241,4.98,51
2025-11-13,50.6,41.7,45.4,40.9,35.3,0.008,0.008,0.0,13.1,33.3,276,8.6,51
2025-11-14,49.8,37.5,43.4,42.6,31.1,0.0,0.0,0.0,10.6,27.5,287,7.89,3
2025-11-15,47.2,34.2,42.2,42.1,29.2,0.173,0.173,0.0,8.1,22.8,239,9.13,63
2025-11-16,54.9,40.1,48.9,47.7,30.3,0.004,0.004,0.0,16.0,39.6,281,10.76,51
2025-11-17,42.8,34.5,38.9,32.1,25.3,0.004,0.004,0.0,16.4,39.8,291,8.15,51
2025-11-18,45.8,33.8,39.9,38.9,26.0,0.0,0.0,0.0,9.9,22.8,283,9.78,3
2025-11-19,46.8,36.1,40.6,42.1,30.5,0.142,0.122,0.138,5.0,13.2,26,6.05,73
2025-11-20,45.9,32.2,37.7,41.2,26.1,0.0,0.0,0.0,4.0,8.9,355,8.71,3
2025-11-21,51.3,37.0,44.1,46.9,32.5,0.0,0.0,0.0,9.2,21.9,236,5.99,3
2025-11-22,51.4,39.7,46.0,45.9,33.3,0.224,0.224,0.0,8.9,20.1,330,4.64,61
2025-11-23,45.4,30.6,38.8,39.3,25.6,0.0,0.0,0.0,7.5,18.1,253,5.3,3
2025-11-24,52.2,39.5,44.2,45.6,32.5,0.0,0.0,0.0,8.7,22.1,290,9.91,3
2025-11-25,54.6,37.2,45.4,50.8,31.8,0.386,0.386,0.0,11.0,21.5,180,3.36,61
2025-11-26,59.4,50.9,55.4,57.6,48.1,0.189,0.189,0.0,11.9,24.8,224,4.96,63
2025-11-27,50.5,36.8,42.1,44.0,27.9,0.0,0.0,0.0,12.7,29.1,268,9.31,3
2025-11-28,42.1,32.5,36.9,30.3,23.5,0.0,0.0,0.0,16.5,41.2,264,9.02,2
2025-11-29,42.3,32.2,35.7,33.5,23.1,0.0,0.0,0.0,10.5,24.4,296,9.66,3
2025-11-30,40.7,32.1,36.8,34.9,26.3,0.11,0.11,0.0,8.4,17.0,208,1.52,53
2025-12-01,42.9,32.1,37.8,34.6,25.4,0.0,0.0,0.0,11.2,24.8,305,9.54,3
2025-12-02,37.3,29.8,34.0,30.5,22.9,0.673,0.65,0.165,10.5,22.6,4,0.78,73
2025-12-03,39.6,29.8,34.1,33.2,22.1,0.0,0.0,0.0,11.2,25.5,309,9.32,3
2025-12-04,41.6,25.5,33.2,31.5,14.5,0.004,0.0,0.028,14.4,33.8,284,6.52,71
2025-12-05,30.0,19.6,25.3,24.0,11.2,0.0,0.0,0.0,9.1,25.7,33,6.73,3
2025-12-06,40.1,29.1,33.1,34.0,21.8,0.012,0.004,0.055,6.5,13.2,276,6.12,71
2025-12-07,40.8,29.5,35.0,34.7,23.5,0.0,0.0,0.0,7.5,17.9,260,8.17,3
2025-12-08,35.4,23.8,28.7,28.4,15.2,0.0,0.0,0.0,12.0,28.6,342,7.15,3
2025-12-09,31.3,18.7,24.9,22.0,10.6,0.0,0.0,0.0,9.8,22.1,231,9.01,3
2025-12-10,43.1,31.0,36.3,37.5,22.4,0.118,0.118,0.0,11.4,23.9,212,4.8,53
2025-12-11,39.0,27.9,33.3,31.8,18.1,0.0,0.0,0.0,15.3,36.9,282,7.9,3
2025-12-12,34.5,23.0,28.4,24.4,12.5,0.0,0.0,0.0,10.5,25.7,279,9.1,1
2025-12-13,38.2,24.4,30.6,31.3,17.3,0.028,0.0,0.193,4.9,13.6,225,5.01,73
2025-12-14,32.8,18.2,27.4,27.3,7.0,0.433,0.0,3.059,12.1,25.3,315,4.72,75
2025-12-15,26.8,16.9,21.2,18.5,6.0,0.0,0.0,0.0,11.3,24.6,295,8.38,3
2025-12-16,28.0,17.3,22.7,21.1,9.7,0.0,0.0,0.0,7.4,14.8,232,9.27,3
2025-12-17,40.3,20.8,31.0,33.0,11.7,0.0,0.0,0.0,8.5,17.0,238,7.65,3
2025-12-18,43.5,25.0,35.4,39.0,18.8,0.0,0.0,0.0,7.3,16.6,141,8.93,3
2025-12-19,57.3,31.5,48.1,53.2,20.5,1.0,1.0,0.0,18.9,43.6,209,2.37,63
2025-12-20,36.6,28.4,32.0,28.8,18.2,0.0,0.0,0.0,11.8,28.6,254,8.2,3
2025-12-21,45.8,28.9,36.2,36.8,19.3,0.0,0.0,0.0,14.2,32.7,269,8.51,3
2025-12-22,37.4,27.1,31.2,29.4,17.8,0.0,0.0,0.0,9.1,20.4,270,8.57,3
2025-12-23,36.8,32.4,34.3,32.9,24.5,0.134,0.031,0.717,6.6,15.0,225,1.96,73
2025-12-24,45.0,30.4,38.1,34.6,24.8,0.0,0.0,0.0,16.2,36.9,313,7.68,3
2025-12-25,46.6,28.9,35.5,40.0,19.6,0.0,0.0,0.0,13.9,31.8,287,5.47,3
2025-12-26,27.0,20.9,24.1,20.0,11.8,0.268,0.004,1.846,7.5,18.1,19,4.93,75
2025-12-27,30.6,18.5,25.3,22.1,10.9,0.205,0.012,1.35,10.0,23.0,16,3.6,73
2025-12-28,33.6,11.4,21.6,27.8,4.0,0.035,0.035,0.0,5.8,12.3,261,6.92,51
2025-12-29,45.0,29.7,37.9,37.3,18.1,0.15,0.15,0.0,15.8,36.5,243,2.66,53
2025-12-30,31.5,26.7,29.7,21.1,16.6,0.0,0.0,0.0,17.9,40.9,276,5.33,3
2025-12-31,31.8,25.6,28.1,21.5,15.5,0.0,0.0,0.0,10.4,25.9,251,7.29,3
2026-01-01,33.1,19.4,25.6,24.2,10.0,0.067,0.0,0.469,15.5,36.0,279,9.36,73
2026-01-02,29.0,19.5,23.8,19.9,11.1,0.012,0.0,0.083,8.7,20.8,262,8.02,71
2026-01-03,30.6,20.0,25.6,22.7,11.3,0.0,0.0,0.0,7.1,16.6,284,8.02,3
2026-01-04,33.6,24.4,28.2,24.9,18.2,0.012,0.0,0.083,7.6,19.2,302,8.41,71
2026-01-05,33.6,23.1,29.1,27.0,16.3,0.035,0.0,0.248,7.6,16.1,218,4.38,73
2026-01-06,38.7,28.4,33.9,33.2,23.1,0.012,0.012,0.0,5.3,10.7,86,5.18,51
2026-01-07,48.1,33.7,40.4,40.6,29.1,0.008,0.008,0.0,11.3,29.5,301,7.33,51
2026-01-08,49.8,35.1,41.0,45.0,29.5,0.0,0.0,0.0,7.3,15.4,297,8.98,1
2026-01-09,51.1,32.1,41.2,46.5,26.6,0.118,0.118,0.0,10.8,26.2,184,6.92,61
2026-01-10,47.8,39.1,42.1,44.5,33.0,0.48,0.48,0.0,8.4,17.0,9,2.78,63
2026-01-11,46.8,34.2,41.1,39.0,24.1,0.012,0.012,0.0,12.4,29.5,288,7.04,51
2026-01-12,40.4,30.1,34.4,31.3,19.7,0.0,0.0,0.0,14.0,31.1,266,9.6,3
2026-01-13,45.0,30.9,36.9,37.4,23.1,0.0,0.0,0.0,10.0,21.5,214,9.35,3
2026-01-14,48.7,39.7,43.3,44.4,32.9,0.004,0.004,0.0,7.1,16.1,184,3.01,51
2026-01-15,43.8,24.4,36.5,39.5,14.1,0.004,0.004,0.0,12.2,29.1,253,8.65,51
2026-01-16,32.1,20.9,26.8,23.0,8.4,0.0,0.0,0.0,13.9,35.8,272,8.75,3
2026-01-17,35.3,24.4,31.4,28.9,18.3,0.177,0.0,1.24,6.8,16.6,207,1.97,75
2026-01-18,33.1,23.8,29.5,26.7,17.6,0.386,0.0,2.728,8.4,17.4,355,2.86,75
2026-01-19,29.5,20.4,25.8,23.0,11.7,0.0,0.0,0.0,10.1,22.4,249,10.44,3
2026-01-20,23.9,12.6,16.6,13.1,2.9,0.0,0.0,0.0,11.2,25.3,264,11.25,0
2026-01-21,33.9,5.7,18.8,26.0,-2.6,0.0,0.0,0.0,9.3,21.0,207,9.55,3
2026-01-22,43.7,32.4,37.2,35.1,24.5,0.008,0.0,0.055,11.1,23.9,239,10.4,71
2026-01-23,36.0,18.6,30.0,24.5,6.7,0.0,0.0,0.0,15.7,35.6,274,9.21,3
2026-01-24,18.4,8.4,13.6,8.1,-3.0,0.0,0.0,0.0,12.9,30.6,327,10.12,3
2026-01-25,22.7,10.0,14.2,13.2,-1.0,1.24,0.138,7.717,15.4,42.7,34,1.95,75
2026-01-26,26.4,17.1,21.0,18.2,5.4,0.024,0.0,0.165,12.8,25.9,326,8.08,71
2026-01-27,18.8,9.0,14.1,9.0,-0.6,0.004,0.0,0.028,13.1,27.3,261,10.5,71
2026-01-28,20.0,8.9,13.7,12.0,-0.6,0.0,0.0,0.0,9.8,21.0,258,11.39,3
2026-01-29,18.0,5.6,11.4,9.8,-4.1,0.0,0.0,0.0,9.2,18.6,278,12.58,1
2026-01-30,15.5,4.8,9.9,6.3,-5.4,0.0,0.0,0.0,9.4,19.7,290,12.98,0
2026-01-31,19.8,3.8,10.2,13.1,-4.9,0.0,0.0,0.0,11.4,23.3,322,12.68,3
2026-02-01,20.6,6.7,13.0,10.8,-6.1,0.0,0.0,0.0,14.8,30.6,348,12.56,3
2026-02-02,30.6,12.4,20.2,21.9,1.9,0.0,0.0,0.0,11.2,22.8,316,13.29,3
2026-02-03,30.3,11.5,20.4,24.3,3.0,0.0,0.0,0.0,6.2,12.8,269,11.89,3
2026-02-04,30.3,14.7,23.1,23.4,7.3,0.0,0.0,0.0,9.1,19.5,291,13.19,3
2026-02-05,27.2,11.8,17.5,20.8,2.7,0.0,0.0,0.0,7.4,14.3,328,13.56,3
2026-02-06,27.7,11.5,19.2,21.3,3.5,0.008,0.0,0.055,5.5,10.7,329,11.92,71
2026-02-07,25.4,2.4,13.6,17.7,-10.0,0.047,0.0,0.331,17.5,37.8,310,11.51,73
2026-02-08,13.7,0.3,6.5,2.6,-12.1,0.0,0.0,0.0,14.0,28.9,321,14.22,1
2026-02-09,25.2,6.4,15.1,17.7,-3.8,0.0,0.0,0.0,9.9,20.8,308,14.31,3
2026-02-10,31.4,15.8,23.2,23.5,8.6,0.0,0.0,0.0,8.8,17.7,212,10.27,3
2026-02-11,37.8,29.2,33.5,30.4,22.0,0.051,0.051,0.0,11.3,23.3,285,8.69,53
2026-02-12,33.4,24.1,29.4,24.5,15.4,0.0,0.0,0.0,10.9,27.3,307,10.0,3
2026-02-13,33.6,16.8,24.7,26.9,8.1,0.0,0.0,0.0,7.9,15.9,295,14.89,3
2026-02-14,38.5,19.7,29.3,32.5,12.0,0.0,0.0,0.0,6.5,13.0,244,14.34,3
2026-02-15,36.3,20.9,29.3,30.5,14.6,0.02,0.0,0.138,6.1,12.3,52,8.09,71
2026-02-16,35.7,28.0,31.8,30.8,20.4,0.067,0.0,0.469,8.1,17.0,43,12.36,73
2026-02-17,42.3,32.6,36.4,37.8,25.8,0.0,0.0,0.0,7.2,17.7,223,11.29,3
2026-02-18,38.1,32.2,35.0,34.3,26.5,0.11,0.11,0.0,5.4,10.5,243,5.01,53
2026-02-19,37.8,34.3,35.7,32.1,27.8,0.0,0.0,0.0,6.2,14.1,56,5.67,3
2026-02-20,38.3,34.1,35.1,32.0,27.4,0.311,0.311,0.0,8.6,18.8,54,2.35,61
2026-02-21,46.4,31.3,38.8,39.9,26.0,0.004,0.004,0.0,7.0,17.4,299,11.2,51
2026-02-22,36.5,30.9,33.6,31.8,20.6,0.531,0.067,3.28,14.1,30.2,54,3.74,75
2026-02-23,34.9,28.9,31.6,25.6,16.2,0.772,0.0,5.402,19.8,43.0,345,6.58,75
2026-02-24,29.4,10.9,23.9,21.3,3.7,0.0,0.0,0.0,12.6,28.9,296,17.29,3
2026-02-25,36.5,9.9,29.9,30.0,2.4,0.075,0.008,0.469,8.4,16.8,196,13.61,73
2026-02-26,39.8,25.5,34.1,34.3,18.5,0.047,0.031,0.11,8.4,16.1,269,15.69,73
2026-02-27,34.2,16.3,26.6,29.5,9.1,0.0,0.0,0.0,8.4,16.3,15,17.56,2
2026-02-28,37.3,19.9,28.5,33.7,14.1,0.0,0.0,0.0,2.8,7.8,205,14.85,3
2026-03-01,37.8,24.1,31.5,33.2,15.5,0.047,0.004,0.303,9.7,19.9,350,12.77,73
