id,name,lat,lng
119,"1 Av (L)",40.730953,-73.981628
309,"103 St (1)",40.799446,-73.968379
395,"103 St (6)",40.7906,-73.947478
156,"103 St (C,B)",40.796092,-73.961454
450,"103 St-Corona Plaza (7)",40.749865,-73.8627
193,"104 St (A)",40.681711,-73.837683
82,"104 St (J,Z)",40.695178,-73.84433
394,"110 St (6)",40.79502,-73.94425
449,"111 St (7)",40.75173,-73.855334
194,"111 St (A)",40.684331,-73.832163
81,"111 St (J)",40.697418,-73.836345
440,"116 St (2,3)",40.802098,-73.949625
393,"116 St (6)",40.798629,-73.941617
154,"116 St (C,B)",40.805085,-73.954882
307,"116 St-Columbia University (1)",40.807722,-73.96411
80,"121 St (J,Z)",40.700492,-73.828294
306,"125 St (1)",40.815581,-73.958372
439,"125 St (2,3)",40.807754,-73.945495
392,"125 St (4,5,6)",40.804138,-73.937594
153,"125 St (A,C,B,D)",40.811109,-73.952343
438,"135 St (2,3)",40.814229,-73.94077
152,"135 St (C,B)",40.817894,-73.947649
305,"137 St-City College (1)",40.822008,-73.953676
391,"138 St-Grand Concourse (4,5)",40.813224,-73.929849
618,"14 St (A,C,E)/8 Av (L)",40.740335,-74.002134
601,"14 St (F,M,1,2,3)/6 Av (L)",40.737796,-73.997732
602,"14 St-Union Sq (L,N,Q,R,W,4,5,6)",40.735066,-73.990416
304,"145 St (1)",40.826551,-73.95036
437,"145 St (3)",40.820421,-73.936245
151,"145 St (A,C,B,D)",40.824783,-73.944216
603,"149 St-Grand Concourse (2,4,5)",40.818393,-73.927034
241,"15 St-Prospect Park (F,G)",40.660365,-73.979493
220,"155 St (B,D)",40.830135,-73.938209
150,"155 St (C)",40.830518,-73.941514
303,"157 St (1)",40.834041,-73.94489
604,"161 St-Yankee Stadium (B,D,4)",40.82795,-73.925741
149,"163 St-Amsterdam Av (C)",40.836013,-73.939892
388,"167 St (4)",40.835537,-73.9214
218,"167 St (B,D)",40.833771,-73.91844
605,"168 St (A,C,1)",40.840638,-73.939847
255,"169 St (F)",40.71047,-73.793604
387,"170 St (4)",40.840075,-73.917791
217,"170 St (B,D)",40.839306,-73.9134
428,"174 St (2,5)",40.837288,-73.887734
216,"174-175 Sts (B,D)",40.8459,-73.910136
147,"175 St (A)",40.847391,-73.939704
385,"176 St (4)",40.84848,-73.911794
66,"18 Av (D)",40.607954,-74.001736
245,"18 Av (F)",40.629755,-73.976971
74,"18 Av (N)",40.620671,-73.990414
321,"18 St (1)",40.74104,-73.997871
301,"181 St (1)",40.849505,-73.933596
146,"181 St (A)",40.851695,-73.937969
214,"182-183 Sts (B,D)",40.856093,-73.900741
383,"183 St (4)",40.858407,-73.903879
145,"190 St (A)",40.859022,-73.93418
300,"191 St (1)",40.855225,-73.929412
232,"2 Av (F)",40.723402,-73.989938
67,"20 Av (D)",40.604556,-73.998168
75,"20 Av (N)",40.61741,-73.985026
298,"207 St (1)",40.864621,-73.918822
282,"21 St (G)",40.744065,-73.949724
221,"21 St-Queensbridge (F)",40.754203,-73.942836
297,"215 St (1)",40.869444,-73.915279
420,"219 St (2,5)",40.883895,-73.862633
419,"225 St (2,5)",40.888022,-73.860341
320,"23 St (1)",40.744081,-73.995657
405,"23 St (6)",40.739864,-73.986599
165,"23 St (C,E)",40.745906,-73.998041
228,"23 St (F,M)",40.742878,-73.992821
14,"23 St (R,W)",40.741303,-73.989344
295,"231 St (1)",40.878856,-73.904834
418,"233 St (2,5)",40.893193,-73.857473
294,"238 St (1)",40.884667,-73.90087
69,"25 Av (D)",40.597704,-73.986829
31,"25 St (R)",40.660397,-73.998091
319,"28 St (1)",40.747215,-73.993365
404,"28 St (6)",40.74307,-73.984264
13,"28 St (R,W)",40.745494,-73.988691
118,"3 Av (L)",40.732849,-73.986122
377,"3 Av-138 St (6)",40.810476,-73.926138
434,"3 Av-149 St (2,5)",40.816109,-73.917757
3,"30 Av (N,W)",40.766779,-73.921479
403,"33 St (6)",40.746081,-73.982076
460,"33 St-Rawson St (7)",40.744587,-73.930997
607,"34 St-Herald Sq (B,D,F,M,N,Q,R,W)",40.749643,-73.987887
471,"34 St-Hudson Yards (7)",40.755882,-74.00191
318,"34 St-Penn Station (1,2,3)",40.750373,-73.991057
164,"34 St-Penn Station (A,C,E)",40.752287,-73.993391
5,"36 Av (N,W)",40.756804,-73.929575
32,"36 St (D,N,R)",40.655144,-74.003549
272,"36 St (M,R)",40.752039,-73.928781
6,"39 Av-Dutch Kills (N,W)",40.752882,-73.932755
608,"4 Av (F,G)/9 St (R)",40.670559,-73.989041
459,"40 St-Lowery St (7)",40.743781,-73.924016
33,"45 St (R)",40.648939,-74.010006
270,"46 St (M,R)",40.756312,-73.913333
458,"46 St-Bliss St (7)",40.743132,-73.918435
225,"47-50 Sts-Rockefeller Ctr (B,D,F,M)",40.758663,-73.981329
10,"49 St (N,R,W)",40.759901,-73.984139
276,"5 Av/53 St (E,M)",40.760167,-73.975224
8,"5 Av/59 St (N,R,W)",40.764811,-73.973347
316,"50 St (1)",40.761728,-73.983849
162,"50 St (C,E)",40.762456,-73.985984
61,"50 St (D)",40.63626,-73.994791
457,"52 St (7)",40.744149,-73.912549
34,"53 St (R)",40.645069,-74.014034
62,"55 St (D)",40.631435,-73.995476
224,"57 St (F)",40.763972,-73.97745
9,"57 St-7 Av (N,Q,R,W)",40.764664,-73.980658
35,"59 St (N,R)",40.641362,-74.017881
614,"59 St-Columbus Circle (A,B,C,D,1)",40.768272,-73.981833
456,"61 St-Woodside (7)",40.74563,-73.902984
263,"63 Dr-Rego Park (M,R)",40.729846,-73.861604
268,"65 St (M,R)",40.749669,-73.898453
314,"66 St-Lincoln Center (1)",40.77344,-73.982209
262,"67 Av (M,R)",40.726523,-73.852719
399,"68 St-Hunter College (6)",40.768141,-73.96387
455,"69 St (7)",40.746325,-73.896403
41,"7 Av (B,Q)",40.67705,-73.972367
277,"7 Av (E,B,D)",40.762862,-73.981637
240,"7 Av (F,G)",40.666271,-73.980305
64,"71 St (D)",40.619589,-73.998864
313,"72 St (1,2,3)",40.778453,-73.98197
160,"72 St (C,B)",40.775594,-73.97641
477,"72 St (Q)",40.768799,-73.958424
616,"74-Broadway (7)/Jackson Hts-Roosevelt Av (E,F,M,R)",40.746746,-73.891366
260,"75 Av (E,F)",40.718331,-73.837324
85,"75 St-Elderts Ln (J,Z)",40.691324,-73.867139
398,"77 St (6)",40.77362,-73.959874
37,"77 St (R)",40.629742,-74.02551
312,"79 St (1)",40.783934,-73.979917
65,"79 St (D)",40.613501,-74.00061
71,"8 Av (N)",40.635064,-74.011719
16,"8 St-NYU (R,W)",40.730328,-73.992629
190,"80 St (A)",40.679371,-73.858992
159,"81 St-Museum of Natural History (C,B)",40.781433,-73.972143
453,"82 St-Jackson Hts (7)",40.747659,-73.883697
84,"85 St-Forest Pkwy (J)",40.692435,-73.86001
311,"86 St (1)",40.788644,-73.976218
397,"86 St (4,5,6)",40.779492,-73.955589
158,"86 St (C,B)",40.785868,-73.968916
79,"86 St (N)",40.592721,-73.97823
476,"86 St (Q)",40.777891,-73.951787
38,"86 St (R)",40.622687,-74.028398
191,"88 St (A)",40.679843,-73.85147
59,"9 Av (D)",40.646292,-73.994324
452,"90 St-Elmhurst Av (7)",40.748408,-73.876613
310,"96 St (1,2,3)",40.793919,-73.972323
396,"96 St (6)",40.785672,-73.95107
157,"96 St (C,B)",40.791642,-73.964696
475,"96 St (Q)",40.784318,-73.947152
91,"Alabama Av (J)",40.676992,-73.898654
423,"Allerton Av (2,5)",40.865462,-73.867352
196,"Aqueduct Racetrack (A)",40.672097,-73.835919
197,"Aqueduct-N Conduit Av (A)",40.668234,-73.834058
407,"Astor Pl (6)",40.730054,-73.99107
2,"Astoria Blvd (N,W)",40.770258,-73.917843
1,"Astoria-Ditmars Blvd (N,W)",40.775036,-73.912034
133,"Atlantic Av (L)",40.675345,-73.903097
617,"Atlantic Av-Barclays Ctr (B,D,N,Q,R,2,3,4,5)",40.684162,-73.977789
48,"Avenue H (Q)",40.62927,-73.961639
246,"Avenue I (F)",40.625322,-73.976127
49,"Avenue J (Q)",40.625039,-73.960803
50,"Avenue M (Q)",40.617618,-73.959399
248,"Avenue N (F)",40.61514,-73.974197
249,"Avenue P (F)",40.608944,-73.973022
251,"Avenue U (F)",40.596063,-73.973357
78,"Avenue U (N)",40.597473,-73.979137
52,"Avenue U (Q)",40.5993,-73.955929
252,"Avenue X (F)",40.58962,-73.97425
70,"Bay 50 St (D)",40.588841,-73.983765
68,"Bay Pkwy (D)",40.601875,-73.993728
247,"Bay Pkwy (F)",40.620769,-73.975264
76,"Bay Pkwy (N)",40.611815,-73.981848
36,"Bay Ridge Av (R)",40.634967,-74.023377
39,"Bay Ridge-95 St (R)",40.616622,-74.030876
443,"Baychester Av (5)",40.878663,-73.838591
202,"Beach 105 St (A,S)",40.583209,-73.827559
208,"Beach 25 St (A)",40.600066,-73.761353
207,"Beach 36 St (A)",40.595398,-73.768175
206,"Beach 44 St (A)",40.592943,-73.776013
205,"Beach 60 St (A)",40.592374,-73.788522
204,"Beach 67 St (A)",40.590927,-73.796924
200,"Beach 90 St (A,S)",40.588034,-73.813641
201,"Beach 98 St (A,S)",40.585307,-73.820558
120,"Bedford Av (L)",40.717304,-73.956872
211,"Bedford Park Blvd (B,D)",40.873244,-73.887138
380,"Bedford Park Blvd-Lehman College (4)",40.873412,-73.890064
289,"Bedford-Nostrand Avs (G)",40.689627,-73.953522
339,"Bergen St (2,3)",40.680829,-73.975098
236,"Bergen St (F,G)",40.686145,-73.990862
45,"Beverley Rd (Q)",40.644031,-73.964492
357,"Beverly Rd (2,5)",40.645098,-73.948959
103,"Bowery (J,Z)",40.72028,-73.993915
414,"Bowling Green (4,5)",40.704817,-74.014065
258,"Briarwood (E,F)",40.709179,-73.820574
55,"Brighton Beach (B,Q)",40.577621,-73.961376
199,"Broad Channel (A,S)",40.608382,-73.815925
107,"Broad St (J,Z)",40.706476,-74.011056
286,"Broadway (G)",40.706092,-73.950308
4,"Broadway (N,W)",40.76182,-73.925508
621,"Broadway Junction (A,C,J,L,Z)",40.678896,-73.904356
619,"Broadway-Lafayette St (B,D,F,M)/Bleecker St (6)",40.725606,-73.995432
425,"Bronx Park East (2,5)",40.848828,-73.868457
376,"Brook Av (6)",40.807566,-73.91924
622,"Brooklyn Bridge-City Hall (4,5,6)/Chambers St (J,Z)",40.713154,-74.003766
609,"Bryant Pk (B,D,F,M)/5 Av (7)",40.754022,-73.983266
361,"Buhre Av (6)",40.84681,-73.832569
422,"Burke Av (2,5)",40.871356,-73.867164
384,"Burnside Av (4)",40.853453,-73.907684
131,"Bushwick Av-Aberdeen St (L)",40.682829,-73.905249
325,"Canal St (1)",40.722854,-74.006277
169,"Canal St (A,C,E)",40.720824,-74.005229
623,"Canal St (J,N,Q,R,W,Z,6)",40.718701,-74.00058
138,"Canarsie-Rockaway Pkwy (L)",40.646654,-73.90185
237,"Carroll St (F,G)",40.680303,-73.995048
365,"Castle Hill Av (6)",40.834255,-73.851222
308,"Cathedral Pkwy (110 St) (1)",40.803967,-73.966847
155,"Cathedral Pkwy (110 St) (C,B)",40.800603,-73.958161
114,"Central Av (M)",40.697857,-73.927397
441,"Central Park North (110 St) (2,3)",40.799075,-73.951822
327,"Chambers St (1,2,3)",40.715478,-74.009266
624,"Chambers St (A,C)/WTC (E)/Park Pl (2,3)/Cortlandt (R,W)",40.712603,-74.009552
93,"Chauncey St (J,Z)",40.682893,-73.910456
323,"Christopher St-Sheridan Sq (1)",40.733422,-74.002906
356,"Church Av (2,5)",40.650843,-73.949575
44,"Church Av (B,Q)",40.650527,-73.962982
243,"Church Av (F,G)",40.644041,-73.979678
20,"City Hall (R,W)",40.713282,-74.006978
334,"Clark St (2,3)",40.697466,-73.993086
290,"Classon Av (G)",40.688873,-73.96007
89,"Cleveland St (J)",40.679947,-73.884639
177,"Clinton-Washington Avs (C)",40.683263,-73.965838
291,"Clinton-Washington Avs (G)",40.688089,-73.966839
58,"Coney Island-Stillwell Av (D,F,N,Q)",40.577422,-73.981233
46,"Cortelyou Rd (Q)",40.640927,-73.963891
606,"Court Sq (E,G,M,7)",40.747141,-73.945032
620,"Court St (R)/Borough Hall (2,3,4,5)",40.693241,-73.990642
87,"Crescent St (J,Z)",40.683194,-73.873785
345,"Crown Hts-Utica Av (3,4)",40.668897,-73.932942
375,"Cypress Av (6)",40.805368,-73.914042
86,"Cypress Hills (J)",40.689941,-73.87255
26,"DeKalb Av (B,Q,R)",40.690635,-73.981824
127,"DeKalb Av (L)",40.703811,-73.918425
625,"Delancey St (F)/Essex St (J,M,Z)",40.718463,-73.987776
244,"Ditmas Av (F)",40.636119,-73.978172
299,"Dyckman St (1)",40.860531,-73.925536
144,"Dyckman St (A)",40.865491,-73.927271
374,"E 143 St-St Mary's St (6)",40.808719,-73.907657
373,"E 149 St (6)",40.812118,-73.904098
426,"E 180 St (2,5)",40.841894,-73.873488
137,"East 105 St (L)",40.650573,-73.899485
234,"East Broadway (F)",40.713715,-73.990173
442,"Eastchester-Dyre Av (5)",40.8883,-73.830834
341,"Eastern Pkwy-Brooklyn Museum (2,3)",40.671987,-73.964375
369,"Elder Av (6)",40.828584,-73.879159
266,"Elmhurst Av (M,R)",40.742454,-73.882017
188,"Euclid Av (A,C)",40.675377,-73.872106
209,"Far Rockaway-Mott Av (A)",40.603995,-73.755405
359,"Flatbush Av-Brooklyn College (2,5)",40.632836,-73.947642
287,"Flushing Av (G)",40.700377,-73.950234
98,"Flushing Av (M,J)",40.70026,-73.941126
447,"Flushing-Main St (7)",40.7596,-73.83003
382,"Fordham Rd (4)",40.862803,-73.901034
213,"Fordham Rd (B,D)",40.861296,-73.897749
110,"Forest Av (M)",40.704423,-73.903077
261,"Forest Hills-71 Av (E,F,M,R)",40.721691,-73.844521
60,"Fort Hamilton Pkwy (D)",40.640914,-73.994304
242,"Fort Hamilton Pkwy (F,G)",40.650782,-73.975776
72,"Fort Hamilton Pkwy (N)",40.631386,-74.005351
626,"Franklin Av (2,3,4,5)/Botanic Garden (S)",40.670513,-73.958688
627,"Franklin Av (C,S)",40.680988,-73.956337
326,"Franklin St (1)",40.719318,-74.006886
429,"Freeman St (2,5)",40.829993,-73.891865
109,"Fresh Pond Rd (M)",40.706186,-73.895877
628,"Fulton St (A,C,J,Z,2,3,4,5)",40.710089,-74.007838
292,"Fulton St (G)",40.687119,-73.975375
95,"Gates Av (J,Z)",40.68963,-73.92227
122,"Graham Av (L)",40.714565,-73.944053
340,"Grand Army Plaza (2,3)",40.675235,-73.971046
265,"Grand Av-Newtown (M,R)",40.737015,-73.877223
610,"Grand Central-42 St (S,4,5,6,7)",40.751992,-73.977359
231,"Grand St (B,D)",40.718267,-73.993753
123,"Grand St (L)",40.711926,-73.94067
189,"Grant Av (A)",40.677044,-73.86505
283,"Greenpoint Av (G)",40.731352,-73.954449
421,"Gun Hill Rd (2,5)",40.87785,-73.866256
444,"Gun Hill Rd (5)",40.869526,-73.846384
94,"Halsey St (J)",40.68637,-73.916559
129,"Halsey St (L)",40.695602,-73.904084
436,"Harlem-148 St (3)",40.82388,-73.93647
100,"Hewes St (M,J)",40.70687,-73.953431
173,"High St (A,C)",40.699337,-73.990531
324,"Houston St (1)",40.728251,-74.005367
198,"Howard Beach-JFK Airport (A)",40.660476,-73.830301
336,"Hoyt St (2,3)",40.690545,-73.985065
175,"Hoyt-Schermerhorn Sts (A,C,G)",40.688484,-73.985001
463,"Hunters Point Av (7)",40.742216,-73.948916
371,"Hunts Point Av (6)",40.820948,-73.890549
431,"Intervale Av (2,5)",40.822181,-73.896736
143,"Inwood-207 St (A)",40.868072,-73.919899
433,"Jackson Av (2,5)",40.81649,-73.907807
278,"Jamaica Center-Parsons/Archer (E,J,Z)",40.702147,-73.801109
254,"Jamaica-179 St (F)",40.712646,-73.783817
280,"Jamaica-Van Wyck (E)",40.702566,-73.816859
636,"Jay St-MetroTech (A,C,F,R)",40.692259,-73.986642
126,"Jefferson St (L)",40.706607,-73.922913
451,"Junction Blvd (7)",40.749145,-73.869527
349,"Junius St (3)",40.663515,-73.902447
259,"Kew Gardens-Union Tpke (E,F)",40.714441,-73.831008
51,"Kings Hwy (B,Q)",40.60867,-73.957734
250,"Kings Hwy (F)",40.603217,-73.972361
77,"Kings Hwy (N)",40.603923,-73.980353
381,"Kingsbridge Rd (4)",40.86776,-73.897174
212,"Kingsbridge Rd (B,D)",40.866978,-73.893509
344,"Kingston Av (3)",40.669399,-73.942161
180,"Kingston-Throop Avs (C)",40.679921,-73.940858
113,"Knickerbocker Av (M)",40.698664,-73.919711
96,"Kosciuszko St (J)",40.693342,-73.928814
176,"Lafayette Av (C)",40.686113,-73.973946
613,"Lexington Av (N,R,W)/59 St (4,5,6)",40.762593,-73.967613
612,"Lexington Av-53 St (E,M)/51 St (6)",40.75733,-73.970487
223,"Lexington Av/63 St (F,Q)",40.764629,-73.966113
185,"Liberty Av (C)",40.674542,-73.896548
135,"Livonia Av (L)",40.664038,-73.900571
372,"Longwood Av (6)",40.816104,-73.896435
629,"Lorimer St (L)/Metropolitan Av (G)",40.713428,-73.950847
99,"Lorimer St (M,J)",40.703869,-73.947408
296,"Marble Hill-225 St (1)",40.874561,-73.909831
101,"Marcy Av (M,J,Z)",40.708359,-73.957757
448,"Mets-Willets Point (7)",40.754622,-73.845625
108,"Middle Village-Metropolitan Av (M)",40.711396,-73.889601
362,"Middletown Rd (6)",40.843863,-73.836322
124,"Montrose Av (L)",40.707739,-73.93985
125,"Morgan Av (L)",40.706152,-73.933147
446,"Morris Park (5)",40.854364,-73.860495
368,"Morrison Av-Soundview (6)",40.829521,-73.874516
379,"Mosholu Pkwy (4)",40.87975,-73.884655
386,"Mt Eden Av (4)",40.844434,-73.914685
97,"Myrtle Av (M,J,Z)",40.697207,-73.935657
288,"Myrtle-Willoughby Avs (G)",40.694568,-73.949046
630,"Myrtle-Wyckoff Avs (L,M)",40.699622,-73.911986
284,"Nassau Av (G)",40.724635,-73.951277
53,"Neck Rd (Q)",40.595246,-73.955161
253,"Neptune Av (F)",40.581011,-73.974574
417,"Nereid Av (2,5)",40.898379,-73.854376
337,"Nevins St (2,3,4,5)",40.688246,-73.980492
352,"New Lots Av (3)",40.666235,-73.884079
136,"New Lots Av (L)",40.658733,-73.899232
615,"New Utrecht Av (N)/62 St (D)",40.625657,-73.996624
358,"Newkirk Av-Little Haiti (2,5)",40.639967,-73.948411
47,"Newkirk Plaza (B,Q)",40.635082,-73.962793
269,"Northern Blvd (M,R)",40.752885,-73.906006
88,"Norwood Av (J,Z)",40.68141,-73.880039
210,"Norwood-205 St (D)",40.874811,-73.878855
343,"Nostrand Av (3)",40.669847,-73.950466
179,"Nostrand Av (A,C)",40.680438,-73.950426
56,"Ocean Pkwy (Q)",40.576312,-73.968501
195,"Ozone Park-Lefferts Blvd (A)",40.685951,-73.825798
141,"Park Pl (S)",40.674772,-73.957624
366,"Parkchester (6)",40.833226,-73.860816
43,"Parkside Av (Q)",40.655292,-73.961495
256,"Parsons Blvd (F)",40.707564,-73.803326
360,"Pelham Bay Park (6)",40.852462,-73.828121
424,"Pelham Pkwy (2,5)",40.857192,-73.867615
445,"Pelham Pkwy (5)",40.858985,-73.855359
350,"Pennsylvania Av (3)",40.664635,-73.894895
353,"President St-Medgar Evers College (2,5)",40.667883,-73.950683
17,"Prince St (R,W)",40.724329,-73.997702
432,"Prospect Av (2,5)",40.819585,-73.90177
30,"Prospect Av (R)",40.665414,-73.992872
42,"Prospect Park (B,Q,S)",40.661614,-73.962246
273,"Queens Plaza (E,M,R)",40.748973,-73.937243
461,"Queensboro Plaza (7,N,W)",40.750582,-73.940202
182,"Ralph Av (C)",40.678822,-73.920786
329,"Rector St (1)",40.707513,-74.013783
22,"Rector St (R,W)",40.70722,-74.013342
348,"Rockaway Av (3)",40.662549,-73.908946
183,"Rockaway Av (C)",40.67834,-73.911946
192,"Rockaway Blvd (A)",40.680429,-73.843853
203,"Rockaway Park-Beach 116 St (A,S)",40.580903,-73.835592
222,"Roosevelt Island (F)",40.759145,-73.95326
347,"Saratoga Av (3)",40.661453,-73.916327
111,"Seneca Av (M)",40.702762,-73.90774
54,"Sheepshead Bay (B,Q)",40.586896,-73.954155
187,"Shepherd Av (C)",40.67413,-73.88075
430,"Simpson St (2,5)",40.824073,-73.893064
238,"Smith-9 Sts (F,G)",40.67358,-73.995959
635,"South Ferry (1)/Whitehall St (R,W)",40.702578,-74.013329
409,"Spring St (6)",40.722301,-73.997141
168,"Spring St (C,E)",40.726227,-74.003739
501,"St George (SIR)",40.643748,-74.073643
367,"St Lawrence Av (6)",40.831509,-73.867618
271,"Steinway St (M,R)",40.756879,-73.92074
354,"Sterling St (2,5)",40.662742,-73.95085
257,"Sutphin Blvd (F)",40.70546,-73.810708
279,"Sutphin Blvd-Archer Av-JFK Airport (E,J,Z)",40.700486,-73.807969
134,"Sutter Av (L)",40.669367,-73.901975
346,"Sutter Av-Rutland Rd (3)",40.664717,-73.92261
611,"Times Sq-42 St (N,Q,R,W,S,1,2,3,7)/42 St (A,C,E)",40.755746,-73.987581
502,"Tompkinsville (SIR)",40.636949,-74.074835
215,"Tremont Av (B,D)",40.85041,-73.905227
28,"Union St (R)",40.677316,-73.98311
181,"Utica Av (A,C)",40.679364,-73.930729
293,"Van Cortlandt Park-242 St (1)",40.889248,-73.898583
351,"Van Siclen Av (3)",40.665449,-73.889395
186,"Van Siclen Av (C)",40.67271,-73.890358
90,"Van Siclen Av (J,Z)",40.678024,-73.891688
464,"Vernon Blvd-Jackson Av (7)",40.742626,-73.953581
167,"W 4 St-Wash Sq (A,C,E,B,D,F,M)",40.732338,-74.000495
57,"W 8 St-NY Aquarium (F,Q)",40.576127,-73.975939
328,"WTC Cortlandt (1)",40.711835,-74.012188
416,"Wakefield-241 St (2)",40.903125,-73.85062
333,"Wall St (2,3)",40.706821,-74.0091
413,"Wall St (4,5)",40.707557,-74.011862
427,"West Farms Sq-E Tremont Av (2,5)",40.840295,-73.880049
363,"Westchester Sq-E Tremont Av (6)",40.839892,-73.842952
370,"Whitlock Av (6)",40.826525,-73.886283
130,"Wilson Av (L)",40.688764,-73.904046
355,"Winthrop St (2,5)",40.656652,-73.9502
83,"Woodhaven Blvd (J,Z)",40.693879,-73.851576
264,"Woodhaven Blvd (M,R)",40.733106,-73.869229
378,"Woodlawn (4)",40.886037,-73.878751
235,"York St (F)",40.701397,-73.986751
364,"Zerega Av (6)",40.836488,-73.847036
